{"cameraMode":{"drawMode":0,"name":"Shaded","section":"Shading Mode"},"sceneLighting":true,"audioPlay":false,"sceneViewState":{"showFog":true,"showMaterialUpdate":true,"showSkybox":true,"showFlares":true,"showImageEffects":true,"showParticleSystems":true},"in2DMode":false,"pivot":{"x":-0.293789267539978,"y":1.7873191833496094,"z":13.023717880249024},"rotation":{"x":-0.1571747213602066,"y":0.03080826625227928,"z":-0.004530999809503555,"w":-0.9876111149787903},"size":17.792083740234376,"orthographic":false}